Album,Title,Source
68-image,"class=""track-title"">Good Job!</p><p ","<source src=""http://cf.c.ooyala.com/9lOXV2aTE63GWD5MakEJvavoP7H-fZpc/DOcJ-FxaFrRg4gtDEwOjN0OjA7p7BAqv.ogg""><source src=""http://cf.c.ooyala.com/9lOXV2aTE63GWD5MakEJvavoP7H-fZpc/DOcJ-FxaFrRg4gtDEwOjN0OjA7p7BAqv.m4a"
68-image,"class=""track-title"">Good Job!</p><p ","<source src=""http://cf.c.ooyala.com/9lOXV2aTE63GWD5MakEJvavoP7H-fZpc/DOcJ-FxaFrRg4gtDEwOjN0OjA7p7BAqv.ogg""><source src=""http://cf.c.ooyala.com/9lOXV2aTE63GWD5MakEJvavoP7H-fZpc/DOcJ-FxaFrRg4gtDEwOjN0OjA7p7BAqv.m4a"
68-image,"class=""track-title"">Good Job!</p><p ","<source src=""http://cf.c.ooyala.com/9lOXV2aTE63GWD5MakEJvavoP7H-fZpc/DOcJ-FxaFrRg4gtDEwOjN0OjA7p7BAqv.ogg""><source src=""http://cf.c.ooyala.com/9lOXV2aTE63GWD5MakEJvavoP7H-fZpc/DOcJ-FxaFrRg4gtDEwOjN0OjA7p7BAqv.m4a"
68-image,"class=""track-title"">Good Job!</p><p ","<source src=""http://cf.c.ooyala.com/9lOXV2aTE63GWD5MakEJvavoP7H-fZpc/DOcJ-FxaFrRg4gtDEwOjN0OjA7p7BAqv.ogg""><source src=""http://cf.c.ooyala.com/9lOXV2aTE63GWD5MakEJvavoP7H-fZpc/DOcJ-FxaFrRg4gtDEwOjN0OjA7p7BAqv.m4a"
68-image,"class=""track-title"">Good Job!</p><p ","<source src=""http://cf.c.ooyala.com/9lOXV2aTE63GWD5MakEJvavoP7H-fZpc/DOcJ-FxaFrRg4gtDEwOjN0OjA7p7BAqv.ogg""><source src=""http://cf.c.ooyala.com/9lOXV2aTE63GWD5MakEJvavoP7H-fZpc/DOcJ-FxaFrRg4gtDEwOjN0OjA7p7BAqv.m4a"
68-image,"class=""track-title"">Good Job!</p><p ","<source src=""http://cf.c.ooyala.com/9lOXV2aTE63GWD5MakEJvavoP7H-fZpc/DOcJ-FxaFrRg4gtDEwOjN0OjA7p7BAqv.ogg""><source src=""http://cf.c.ooyala.com/9lOXV2aTE63GWD5MakEJvavoP7H-fZpc/DOcJ-FxaFrRg4gtDEwOjN0OjA7p7BAqv.m4a"
-26-image,"class=""track-title"">Unsinkable, Part 1 of 2</p><p ","<source src=""http://cf.c.ooyala.com/poaGt5aTE64gt73Q51fPu-lId2PZZb5U/DOcJ-FxaFrRg4gtDEwOjN0OjA7p7BAqv.ogg""><source src=""http://cf.c.ooyala.com/poaGt5aTE64gt73Q51fPu-lId2PZZb5U/DOcJ-FxaFrRg4gtDEwOjN0OjA7p7BAqv.m4a"
-26-image,"class=""track-title"">Historic Voyage</p><p ","<source src=""http://cf.c.ooyala.com/poaGt5aTE64gt73Q51fPu-lId2PZZb5U/DOcJ-FxaFrRg4gtDEwOjN0OjA7p7BAqv.ogg""><source src=""http://cf.c.ooyala.com/poaGt5aTE64gt73Q51fPu-lId2PZZb5U/DOcJ-FxaFrRg4gtDEwOjN0OjA7p7BAqv.m4a"
-25-image,"class=""track-title"">In a Sun-Scorched Land, Part 1 of 2</p><p ","<source src=""http://cf.c.ooyala.com/xleHN4ZzE6UrPZ9NY3mmbZ-R-Eb5G5h1/DOcJ-FxaFrRg4gtDEwOjN0OjA7p7BAqv.ogg""><source src=""http://cf.c.ooyala.com/xleHN4ZzE6UrPZ9NY3mmbZ-R-Eb5G5h1/DOcJ-FxaFrRg4gtDEwOjN0OjA7p7BAqv.m4a"
-25-image,"class=""track-title"">A Taste of Africa</p><p ","<source src=""http://cf.c.ooyala.com/xleHN4ZzE6UrPZ9NY3mmbZ-R-Eb5G5h1/DOcJ-FxaFrRg4gtDEwOjN0OjA7p7BAqv.ogg""><source src=""http://cf.c.ooyala.com/xleHN4ZzE6UrPZ9NY3mmbZ-R-Eb5G5h1/DOcJ-FxaFrRg4gtDEwOjN0OjA7p7BAqv.m4a"
-25-image,"class=""track-title"">A Taste of Africa</p><p ","<source src=""http://cf.c.ooyala.com/xleHN4ZzE6UrPZ9NY3mmbZ-R-Eb5G5h1/DOcJ-FxaFrRg4gtDEwOjN0OjA7p7BAqv.ogg""><source src=""http://cf.c.ooyala.com/xleHN4ZzE6UrPZ9NY3mmbZ-R-Eb5G5h1/DOcJ-FxaFrRg4gtDEwOjN0OjA7p7BAqv.m4a"
-25-image,"class=""track-title"">A Taste of Africa</p><p ","<source src=""http://cf.c.ooyala.com/xleHN4ZzE6UrPZ9NY3mmbZ-R-Eb5G5h1/DOcJ-FxaFrRg4gtDEwOjN0OjA7p7BAqv.ogg""><source src=""http://cf.c.ooyala.com/xleHN4ZzE6UrPZ9NY3mmbZ-R-Eb5G5h1/DOcJ-FxaFrRg4gtDEwOjN0OjA7p7BAqv.m4a"
-25-image,"class=""track-title"">A Taste of Africa</p><p ","<source src=""http://cf.c.ooyala.com/xleHN4ZzE6UrPZ9NY3mmbZ-R-Eb5G5h1/DOcJ-FxaFrRg4gtDEwOjN0OjA7p7BAqv.ogg""><source src=""http://cf.c.ooyala.com/xleHN4ZzE6UrPZ9NY3mmbZ-R-Eb5G5h1/DOcJ-FxaFrRg4gtDEwOjN0OjA7p7BAqv.m4a"
-25-image,"class=""track-title"">A Taste of Africa</p><p ","<source src=""http://cf.c.ooyala.com/xleHN4ZzE6UrPZ9NY3mmbZ-R-Eb5G5h1/DOcJ-FxaFrRg4gtDEwOjN0OjA7p7BAqv.ogg""><source src=""http://cf.c.ooyala.com/xleHN4ZzE6UrPZ9NY3mmbZ-R-Eb5G5h1/DOcJ-FxaFrRg4gtDEwOjN0OjA7p7BAqv.m4a"
-25-image,"class=""track-title"">A Taste of Africa</p><p ","<source src=""http://cf.c.ooyala.com/xleHN4ZzE6UrPZ9NY3mmbZ-R-Eb5G5h1/DOcJ-FxaFrRg4gtDEwOjN0OjA7p7BAqv.ogg""><source src=""http://cf.c.ooyala.com/xleHN4ZzE6UrPZ9NY3mmbZ-R-Eb5G5h1/DOcJ-FxaFrRg4gtDEwOjN0OjA7p7BAqv.m4a"
-25-image,"class=""track-title"">A Taste of Africa</p><p ","<source src=""http://cf.c.ooyala.com/xleHN4ZzE6UrPZ9NY3mmbZ-R-Eb5G5h1/DOcJ-FxaFrRg4gtDEwOjN0OjA7p7BAqv.ogg""><source src=""http://cf.c.ooyala.com/xleHN4ZzE6UrPZ9NY3mmbZ-R-Eb5G5h1/DOcJ-FxaFrRg4gtDEwOjN0OjA7p7BAqv.m4a"
-25-image,"class=""track-title"">A Taste of Africa</p><p ","<source src=""http://cf.c.ooyala.com/xleHN4ZzE6UrPZ9NY3mmbZ-R-Eb5G5h1/DOcJ-FxaFrRg4gtDEwOjN0OjA7p7BAqv.ogg""><source src=""http://cf.c.ooyala.com/xleHN4ZzE6UrPZ9NY3mmbZ-R-Eb5G5h1/DOcJ-FxaFrRg4gtDEwOjN0OjA7p7BAqv.m4a"
-25-image,"class=""track-title"">A Taste of Africa</p><p ","<source src=""http://cf.c.ooyala.com/xleHN4ZzE6UrPZ9NY3mmbZ-R-Eb5G5h1/DOcJ-FxaFrRg4gtDEwOjN0OjA7p7BAqv.ogg""><source src=""http://cf.c.ooyala.com/xleHN4ZzE6UrPZ9NY3mmbZ-R-Eb5G5h1/DOcJ-FxaFrRg4gtDEwOjN0OjA7p7BAqv.m4a"
-25-image,"class=""track-title"">A Taste of Africa</p><p ","<source src=""http://cf.c.ooyala.com/xleHN4ZzE6UrPZ9NY3mmbZ-R-Eb5G5h1/DOcJ-FxaFrRg4gtDEwOjN0OjA7p7BAqv.ogg""><source src=""http://cf.c.ooyala.com/xleHN4ZzE6UrPZ9NY3mmbZ-R-Eb5G5h1/DOcJ-FxaFrRg4gtDEwOjN0OjA7p7BAqv.m4a"
-25-image,"class=""track-title"">A Taste of Africa</p><p ","<source src=""http://cf.c.ooyala.com/xleHN4ZzE6UrPZ9NY3mmbZ-R-Eb5G5h1/DOcJ-FxaFrRg4gtDEwOjN0OjA7p7BAqv.ogg""><source src=""http://cf.c.ooyala.com/xleHN4ZzE6UrPZ9NY3mmbZ-R-Eb5G5h1/DOcJ-FxaFrRg4gtDEwOjN0OjA7p7BAqv.m4a"
-25-image,"class=""track-title"">A Taste of Africa</p><p ","<source src=""http://cf.c.ooyala.com/xleHN4ZzE6UrPZ9NY3mmbZ-R-Eb5G5h1/DOcJ-FxaFrRg4gtDEwOjN0OjA7p7BAqv.ogg""><source src=""http://cf.c.ooyala.com/xleHN4ZzE6UrPZ9NY3mmbZ-R-Eb5G5h1/DOcJ-FxaFrRg4gtDEwOjN0OjA7p7BAqv.m4a"
-25-image,"class=""track-title"">A Taste of Africa</p><p ","<source src=""http://cf.c.ooyala.com/xleHN4ZzE6UrPZ9NY3mmbZ-R-Eb5G5h1/DOcJ-FxaFrRg4gtDEwOjN0OjA7p7BAqv.ogg""><source src=""http://cf.c.ooyala.com/xleHN4ZzE6UrPZ9NY3mmbZ-R-Eb5G5h1/DOcJ-FxaFrRg4gtDEwOjN0OjA7p7BAqv.m4a"
-25-image,"class=""track-title"">A Taste of Africa</p><p ","<source src=""http://cf.c.ooyala.com/xleHN4ZzE6UrPZ9NY3mmbZ-R-Eb5G5h1/DOcJ-FxaFrRg4gtDEwOjN0OjA7p7BAqv.ogg""><source src=""http://cf.c.ooyala.com/xleHN4ZzE6UrPZ9NY3mmbZ-R-Eb5G5h1/DOcJ-FxaFrRg4gtDEwOjN0OjA7p7BAqv.m4a"
-25-image,"class=""track-title"">A Taste of Africa</p><p ","<source src=""http://cf.c.ooyala.com/xleHN4ZzE6UrPZ9NY3mmbZ-R-Eb5G5h1/DOcJ-FxaFrRg4gtDEwOjN0OjA7p7BAqv.ogg""><source src=""http://cf.c.ooyala.com/xleHN4ZzE6UrPZ9NY3mmbZ-R-Eb5G5h1/DOcJ-FxaFrRg4gtDEwOjN0OjA7p7BAqv.m4a"
-25-image,"class=""track-title"">A Taste of Africa</p><p ","<source src=""http://cf.c.ooyala.com/xleHN4ZzE6UrPZ9NY3mmbZ-R-Eb5G5h1/DOcJ-FxaFrRg4gtDEwOjN0OjA7p7BAqv.ogg""><source src=""http://cf.c.ooyala.com/xleHN4ZzE6UrPZ9NY3mmbZ-R-Eb5G5h1/DOcJ-FxaFrRg4gtDEwOjN0OjA7p7BAqv.m4a"
-25-image,"class=""track-title"">A Taste of Africa</p><p ","<source src=""http://cf.c.ooyala.com/xleHN4ZzE6UrPZ9NY3mmbZ-R-Eb5G5h1/DOcJ-FxaFrRg4gtDEwOjN0OjA7p7BAqv.ogg""><source src=""http://cf.c.ooyala.com/xleHN4ZzE6UrPZ9NY3mmbZ-R-Eb5G5h1/DOcJ-FxaFrRg4gtDEwOjN0OjA7p7BAqv.m4a"
-25-image,"class=""track-title"">A Taste of Africa</p><p ","<source src=""http://cf.c.ooyala.com/xleHN4ZzE6UrPZ9NY3mmbZ-R-Eb5G5h1/DOcJ-FxaFrRg4gtDEwOjN0OjA7p7BAqv.ogg""><source src=""http://cf.c.ooyala.com/xleHN4ZzE6UrPZ9NY3mmbZ-R-Eb5G5h1/DOcJ-FxaFrRg4gtDEwOjN0OjA7p7BAqv.m4a"
-25-image,"class=""track-title"">A Taste of Africa</p><p ","<source src=""http://cf.c.ooyala.com/xleHN4ZzE6UrPZ9NY3mmbZ-R-Eb5G5h1/DOcJ-FxaFrRg4gtDEwOjN0OjA7p7BAqv.ogg""><source src=""http://cf.c.ooyala.com/xleHN4ZzE6UrPZ9NY3mmbZ-R-Eb5G5h1/DOcJ-FxaFrRg4gtDEwOjN0OjA7p7BAqv.m4a"
-25-image,"class=""track-title"">A Taste of Africa</p><p ","<source src=""http://cf.c.ooyala.com/xleHN4ZzE6UrPZ9NY3mmbZ-R-Eb5G5h1/DOcJ-FxaFrRg4gtDEwOjN0OjA7p7BAqv.ogg""><source src=""http://cf.c.ooyala.com/xleHN4ZzE6UrPZ9NY3mmbZ-R-Eb5G5h1/DOcJ-FxaFrRg4gtDEwOjN0OjA7p7BAqv.m4a"
-25-image,"class=""track-title"">A Taste of Africa</p><p ","<source src=""http://cf.c.ooyala.com/xleHN4ZzE6UrPZ9NY3mmbZ-R-Eb5G5h1/DOcJ-FxaFrRg4gtDEwOjN0OjA7p7BAqv.ogg""><source src=""http://cf.c.ooyala.com/xleHN4ZzE6UrPZ9NY3mmbZ-R-Eb5G5h1/DOcJ-FxaFrRg4gtDEwOjN0OjA7p7BAqv.m4a"
-25-image,"class=""track-title"">A Taste of Africa</p><p ","<source src=""http://cf.c.ooyala.com/xleHN4ZzE6UrPZ9NY3mmbZ-R-Eb5G5h1/DOcJ-FxaFrRg4gtDEwOjN0OjA7p7BAqv.ogg""><source src=""http://cf.c.ooyala.com/xleHN4ZzE6UrPZ9NY3mmbZ-R-Eb5G5h1/DOcJ-FxaFrRg4gtDEwOjN0OjA7p7BAqv.m4a"
-25-image,"class=""track-title"">A Taste of Africa</p><p ","<source src=""http://cf.c.ooyala.com/xleHN4ZzE6UrPZ9NY3mmbZ-R-Eb5G5h1/DOcJ-FxaFrRg4gtDEwOjN0OjA7p7BAqv.ogg""><source src=""http://cf.c.ooyala.com/xleHN4ZzE6UrPZ9NY3mmbZ-R-Eb5G5h1/DOcJ-FxaFrRg4gtDEwOjN0OjA7p7BAqv.m4a"
61-image,"class=""track-title"">The Feud of Mason County</p><p ","<source src=""http://cf.c.ooyala.com/d2MnlwNDE6NzNLFELYfARmXAPyCM9BbG/DOcJ-FxaFrRg4gtDEwOjN0OjA7p7BAqv.ogg""><source src=""http://cf.c.ooyala.com/d2MnlwNDE6NzNLFELYfARmXAPyCM9BbG/DOcJ-FxaFrRg4gtDEwOjN0OjA7p7BAqv.m4a"
61-image,"class=""track-title"">The Feud of Mason County</p><p ","<source src=""http://cf.c.ooyala.com/d2MnlwNDE6NzNLFELYfARmXAPyCM9BbG/DOcJ-FxaFrRg4gtDEwOjN0OjA7p7BAqv.ogg""><source src=""http://cf.c.ooyala.com/d2MnlwNDE6NzNLFELYfARmXAPyCM9BbG/DOcJ-FxaFrRg4gtDEwOjN0OjA7p7BAqv.m4a"
61-image,"class=""track-title"">The Feud of Mason County</p><p ","<source src=""http://cf.c.ooyala.com/d2MnlwNDE6NzNLFELYfARmXAPyCM9BbG/DOcJ-FxaFrRg4gtDEwOjN0OjA7p7BAqv.ogg""><source src=""http://cf.c.ooyala.com/d2MnlwNDE6NzNLFELYfARmXAPyCM9BbG/DOcJ-FxaFrRg4gtDEwOjN0OjA7p7BAqv.m4a"
61-image,"class=""track-title"">The Feud of Mason County</p><p ","<source src=""http://cf.c.ooyala.com/d2MnlwNDE6NzNLFELYfARmXAPyCM9BbG/DOcJ-FxaFrRg4gtDEwOjN0OjA7p7BAqv.ogg""><source src=""http://cf.c.ooyala.com/d2MnlwNDE6NzNLFELYfARmXAPyCM9BbG/DOcJ-FxaFrRg4gtDEwOjN0OjA7p7BAqv.m4a"
61-image,"class=""track-title"">The Feud of Mason County</p><p ","<source src=""http://cf.c.ooyala.com/d2MnlwNDE6NzNLFELYfARmXAPyCM9BbG/DOcJ-FxaFrRg4gtDEwOjN0OjA7p7BAqv.ogg""><source src=""http://cf.c.ooyala.com/d2MnlwNDE6NzNLFELYfARmXAPyCM9BbG/DOcJ-FxaFrRg4gtDEwOjN0OjA7p7BAqv.m4a"
61-image,"class=""track-title"">The Feud of Mason County</p><p ","<source src=""http://cf.c.ooyala.com/d2MnlwNDE6NzNLFELYfARmXAPyCM9BbG/DOcJ-FxaFrRg4gtDEwOjN0OjA7p7BAqv.ogg""><source src=""http://cf.c.ooyala.com/d2MnlwNDE6NzNLFELYfARmXAPyCM9BbG/DOcJ-FxaFrRg4gtDEwOjN0OjA7p7BAqv.m4a"
61-image,"class=""track-title"">The Feud of Mason County</p><p ","<source src=""http://cf.c.ooyala.com/d2MnlwNDE6NzNLFELYfARmXAPyCM9BbG/DOcJ-FxaFrRg4gtDEwOjN0OjA7p7BAqv.ogg""><source src=""http://cf.c.ooyala.com/d2MnlwNDE6NzNLFELYfARmXAPyCM9BbG/DOcJ-FxaFrRg4gtDEwOjN0OjA7p7BAqv.m4a"
60-image,"class=""track-title"">Words From the Wise</p><p ","<source src=""http://cf.c.ooyala.com/czMHMyeTqz3mX3uYFft15XK9vu2blUv0/DOcJ-FxaFrRg4gtDEwOjN0OjA7p7BAqv.ogg""><source src=""http://cf.c.ooyala.com/czMHMyeTqz3mX3uYFft15XK9vu2blUv0/DOcJ-FxaFrRg4gtDEwOjN0OjA7p7BAqv.m4a"
60-image,"class=""track-title"">Cycle of Fear</p><p ","<source src=""http://cf.c.ooyala.com/d3eXIyeTpUpZFqMTiZvqF-msi8SJywLo/DOcJ-FxaFrRg4gtDEwOjN0OjA7p7BAqv.ogg""><source src=""http://cf.c.ooyala.com/d3eXIyeTpUpZFqMTiZvqF-msi8SJywLo/DOcJ-FxaFrRg4gtDEwOjN0OjA7p7BAqv.m4a"
60-image,"class=""track-title"">No Cause for Concern</p><p ","<source src=""http://cf.c.ooyala.com/cxMHMyeToHzaei13YANAjUKz-MSETH4v/DOcJ-FxaFrRg4gtDEwOjN0OjA7p7BAqv.ogg""><source src=""http://cf.c.ooyala.com/cxMHMyeToHzaei13YANAjUKz-MSETH4v/DOcJ-FxaFrRg4gtDEwOjN0OjA7p7BAqv.m4a"
60-image,"class=""track-title"">The Case of the Ball Cap Hero</p><p ","<source src=""http://cf.c.ooyala.com/c1MHMyeTo_suF5RpQKDrHBrMfzn53Fw_/DOcJ-FxaFrRg4gtDEwOjN0OjA7p7BAqv.ogg""><source src=""http://cf.c.ooyala.com/c1MHMyeTo_suF5RpQKDrHBrMfzn53Fw_/DOcJ-FxaFrRg4gtDEwOjN0OjA7p7BAqv.m4a"
60-image,"class=""track-title"">Between the Lines, Part 1 of 2</p><p ","<source src=""http://cf.c.ooyala.com/d5eXIyeTq4jO5ms_Mi636vFBxC-0YJEj/DOcJ-FxaFrRg4gtDEwOjN0OjA7p7BAqv.ogg""><source src=""http://cf.c.ooyala.com/d5eXIyeTq4jO5ms_Mi636vFBxC-0YJEj/DOcJ-FxaFrRg4gtDEwOjN0OjA7p7BAqv.m4a"
60-image,"class=""track-title"">Between the Lines, Part 1 of 2</p><p ","<source src=""http://cf.c.ooyala.com/d5eXIyeTq4jO5ms_Mi636vFBxC-0YJEj/DOcJ-FxaFrRg4gtDEwOjN0OjA7p7BAqv.ogg""><source src=""http://cf.c.ooyala.com/d5eXIyeTq4jO5ms_Mi636vFBxC-0YJEj/DOcJ-FxaFrRg4gtDEwOjN0OjA7p7BAqv.m4a"
60-image,"class=""track-title"">Between the Lines, Part 1 of 2</p><p ","<source src=""http://cf.c.ooyala.com/d5eXIyeTq4jO5ms_Mi636vFBxC-0YJEj/DOcJ-FxaFrRg4gtDEwOjN0OjA7p7BAqv.ogg""><source src=""http://cf.c.ooyala.com/d5eXIyeTq4jO5ms_Mi636vFBxC-0YJEj/DOcJ-FxaFrRg4gtDEwOjN0OjA7p7BAqv.m4a"
59-image,"class=""track-title"">First Things First</p><p ","<source src=""http://cf.c.ooyala.com/xwaTd5dDqbWsMdjNA6IdFJlWWpD5URFT/DOcJ-FxaFrRg4gtDEwOjN0OjA7p7BAqv.ogg""><source src=""http://cf.c.ooyala.com/xwaTd5dDqbWsMdjNA6IdFJlWWpD5URFT/DOcJ-FxaFrRg4gtDEwOjN0OjA7p7BAqv.m4a"
59-image,"class=""track-title"">Playing the Predictable</p><p ","<source src=""http://cf.c.ooyala.com/15eHcydTqL-WXIH-KxJ6ftATdy8dTVbx/DOcJ-FxaFrRg4gtDEwOjN0OjA7p7BAqv.ogg""><source src=""http://cf.c.ooyala.com/15eHcydTqL-WXIH-KxJ6ftATdy8dTVbx/DOcJ-FxaFrRg4gtDEwOjN0OjA7p7BAqv.m4a"
59-image,"class=""track-title"">A Big Commitment</p><p ","<source src=""http://cf.c.ooyala.com/JsN3c3dToyg8qfcbC1gFUKOKIrdQubzk/DOcJ-FxaFrRg4gtDEwOjN0OjA7p7BAqv.ogg""><source src=""http://cf.c.ooyala.com/JsN3c3dToyg8qfcbC1gFUKOKIrdQubzk/DOcJ-FxaFrRg4gtDEwOjN0OjA7p7BAqv.m4a"
59-image,"class=""track-title"">Dinner Roll Models</p><p ","<source src=""http://cf.c.ooyala.com/JqN3c3dToDnydMVA_KeEQIQnBXIvqQoX/DOcJ-FxaFrRg4gtDEwOjN0OjA7p7BAqv.ogg""><source src=""http://cf.c.ooyala.com/JqN3c3dToDnydMVA_KeEQIQnBXIvqQoX/DOcJ-FxaFrRg4gtDEwOjN0OjA7p7BAqv.m4a"
59-image,"class=""track-title"">Dinner Roll Models</p><p ","<source src=""http://cf.c.ooyala.com/JqN3c3dToDnydMVA_KeEQIQnBXIvqQoX/DOcJ-FxaFrRg4gtDEwOjN0OjA7p7BAqv.ogg""><source src=""http://cf.c.ooyala.com/JqN3c3dToDnydMVA_KeEQIQnBXIvqQoX/DOcJ-FxaFrRg4gtDEwOjN0OjA7p7BAqv.m4a"
59-image,"class=""track-title"">Dinner Roll Models</p><p ","<source src=""http://cf.c.ooyala.com/JqN3c3dToDnydMVA_KeEQIQnBXIvqQoX/DOcJ-FxaFrRg4gtDEwOjN0OjA7p7BAqv.ogg""><source src=""http://cf.c.ooyala.com/JqN3c3dToDnydMVA_KeEQIQnBXIvqQoX/DOcJ-FxaFrRg4gtDEwOjN0OjA7p7BAqv.m4a"
59-image,"class=""track-title"">Dinner Roll Models</p><p ","<source src=""http://cf.c.ooyala.com/JqN3c3dToDnydMVA_KeEQIQnBXIvqQoX/DOcJ-FxaFrRg4gtDEwOjN0OjA7p7BAqv.ogg""><source src=""http://cf.c.ooyala.com/JqN3c3dToDnydMVA_KeEQIQnBXIvqQoX/DOcJ-FxaFrRg4gtDEwOjN0OjA7p7BAqv.m4a"
59-image,"class=""track-title"">Dinner Roll Models</p><p ","<source src=""http://cf.c.ooyala.com/JqN3c3dToDnydMVA_KeEQIQnBXIvqQoX/DOcJ-FxaFrRg4gtDEwOjN0OjA7p7BAqv.ogg""><source src=""http://cf.c.ooyala.com/JqN3c3dToDnydMVA_KeEQIQnBXIvqQoX/DOcJ-FxaFrRg4gtDEwOjN0OjA7p7BAqv.m4a"
58-image,"class=""track-title"">The Ties that Bind, Part 1 of 14</p><p ","<source src=""http://cf.c.ooyala.com/JkaWRnbjpsIy3Kw2iy-T2qb4eljfvlCO/DOcJ-FxaFrRg4gtDEwOjN0OjA7p7BAqv.ogg""><source src=""http://cf.c.ooyala.com/JkaWRnbjpsIy3Kw2iy-T2qb4eljfvlCO/DOcJ-FxaFrRg4gtDEwOjN0OjA7p7BAqv.m4a"
58-image,"class=""track-title"">The Ties that Bind, Part 2 of 14</p><p ","<source src=""http://cf.c.ooyala.com/JoaWRnbjrUfBR16Olqid5BInplLvnwv0/DOcJ-FxaFrRg4gtDEwOjN0OjA7p7BAqv.ogg""><source src=""http://cf.c.ooyala.com/JoaWRnbjrUfBR16Olqid5BInplLvnwv0/DOcJ-FxaFrRg4gtDEwOjN0OjA7p7BAqv.m4a"
58-image,"class=""track-title"">The Ties that Bind, Part 3 of 14</p><p ","<source src=""http://cf.c.ooyala.com/JqaWRnbjqjyxiIo0xYjqG8v5yVUeC4Xd/DOcJ-FxaFrRg4gtDEwOjN0OjA7p7BAqv.ogg""><source src=""http://cf.c.ooyala.com/JqaWRnbjqjyxiIo0xYjqG8v5yVUeC4Xd/DOcJ-FxaFrRg4gtDEwOjN0OjA7p7BAqv.m4a"
58-image,"class=""track-title"">The Ties that Bind, Part 4 of 14</p><p ","<source src=""http://cf.c.ooyala.com/FuaWRnbjr_Q60MiytJOtuP8HhShOcMju/DOcJ-FxaFrRg4gtDEwOjN0OjA7p7BAqv.ogg""><source src=""http://cf.c.ooyala.com/FuaWRnbjr_Q60MiytJOtuP8HhShOcMju/DOcJ-FxaFrRg4gtDEwOjN0OjA7p7BAqv.m4a"
58-image,"class=""track-title"">The Ties that Bind, Part 4 of 14</p><p ","<source src=""http://cf.c.ooyala.com/FuaWRnbjr_Q60MiytJOtuP8HhShOcMju/DOcJ-FxaFrRg4gtDEwOjN0OjA7p7BAqv.ogg""><source src=""http://cf.c.ooyala.com/FuaWRnbjr_Q60MiytJOtuP8HhShOcMju/DOcJ-FxaFrRg4gtDEwOjN0OjA7p7BAqv.m4a"
58-image,"class=""track-title"">The Ties that Bind, Part 4 of 14</p><p ","<source src=""http://cf.c.ooyala.com/FuaWRnbjr_Q60MiytJOtuP8HhShOcMju/DOcJ-FxaFrRg4gtDEwOjN0OjA7p7BAqv.ogg""><source src=""http://cf.c.ooyala.com/FuaWRnbjr_Q60MiytJOtuP8HhShOcMju/DOcJ-FxaFrRg4gtDEwOjN0OjA7p7BAqv.m4a"
58-image,"class=""track-title"">The Ties that Bind, Part 4 of 14</p><p ","<source src=""http://cf.c.ooyala.com/FuaWRnbjr_Q60MiytJOtuP8HhShOcMju/DOcJ-FxaFrRg4gtDEwOjN0OjA7p7BAqv.ogg""><source src=""http://cf.c.ooyala.com/FuaWRnbjr_Q60MiytJOtuP8HhShOcMju/DOcJ-FxaFrRg4gtDEwOjN0OjA7p7BAqv.m4a"
58-image,"class=""track-title"">The Ties that Bind, Part 4 of 14</p><p ","<source src=""http://cf.c.ooyala.com/FuaWRnbjr_Q60MiytJOtuP8HhShOcMju/DOcJ-FxaFrRg4gtDEwOjN0OjA7p7BAqv.ogg""><source src=""http://cf.c.ooyala.com/FuaWRnbjr_Q60MiytJOtuP8HhShOcMju/DOcJ-FxaFrRg4gtDEwOjN0OjA7p7BAqv.m4a"
58-image,"class=""track-title"">The Ties that Bind, Part 4 of 14</p><p ","<source src=""http://cf.c.ooyala.com/FuaWRnbjr_Q60MiytJOtuP8HhShOcMju/DOcJ-FxaFrRg4gtDEwOjN0OjA7p7BAqv.ogg""><source src=""http://cf.c.ooyala.com/FuaWRnbjr_Q60MiytJOtuP8HhShOcMju/DOcJ-FxaFrRg4gtDEwOjN0OjA7p7BAqv.m4a"
58-image,"class=""track-title"">The Ties that Bind, Part 4 of 14</p><p ","<source src=""http://cf.c.ooyala.com/FuaWRnbjr_Q60MiytJOtuP8HhShOcMju/DOcJ-FxaFrRg4gtDEwOjN0OjA7p7BAqv.ogg""><source src=""http://cf.c.ooyala.com/FuaWRnbjr_Q60MiytJOtuP8HhShOcMju/DOcJ-FxaFrRg4gtDEwOjN0OjA7p7BAqv.m4a"
58-image,"class=""track-title"">The Ties that Bind, Part 4 of 14</p><p ","<source src=""http://cf.c.ooyala.com/FuaWRnbjr_Q60MiytJOtuP8HhShOcMju/DOcJ-FxaFrRg4gtDEwOjN0OjA7p7BAqv.ogg""><source src=""http://cf.c.ooyala.com/FuaWRnbjr_Q60MiytJOtuP8HhShOcMju/DOcJ-FxaFrRg4gtDEwOjN0OjA7p7BAqv.m4a"
58-image,"class=""track-title"">The Ties that Bind, Part 4 of 14</p><p ","<source src=""http://cf.c.ooyala.com/FuaWRnbjr_Q60MiytJOtuP8HhShOcMju/DOcJ-FxaFrRg4gtDEwOjN0OjA7p7BAqv.ogg""><source src=""http://cf.c.ooyala.com/FuaWRnbjr_Q60MiytJOtuP8HhShOcMju/DOcJ-FxaFrRg4gtDEwOjN0OjA7p7BAqv.m4a"
58-image,"class=""track-title"">The Ties that Bind, Part 4 of 14</p><p ","<source src=""http://cf.c.ooyala.com/FuaWRnbjr_Q60MiytJOtuP8HhShOcMju/DOcJ-FxaFrRg4gtDEwOjN0OjA7p7BAqv.ogg""><source src=""http://cf.c.ooyala.com/FuaWRnbjr_Q60MiytJOtuP8HhShOcMju/DOcJ-FxaFrRg4gtDEwOjN0OjA7p7BAqv.m4a"
58-image,"class=""track-title"">The Ties that Bind, Part 4 of 14</p><p ","<source src=""http://cf.c.ooyala.com/FuaWRnbjr_Q60MiytJOtuP8HhShOcMju/DOcJ-FxaFrRg4gtDEwOjN0OjA7p7BAqv.ogg""><source src=""http://cf.c.ooyala.com/FuaWRnbjr_Q60MiytJOtuP8HhShOcMju/DOcJ-FxaFrRg4gtDEwOjN0OjA7p7BAqv.m4a"
58-image,"class=""track-title"">The Ties that Bind, Part 4 of 14</p><p ","<source src=""http://cf.c.ooyala.com/FuaWRnbjr_Q60MiytJOtuP8HhShOcMju/DOcJ-FxaFrRg4gtDEwOjN0OjA7p7BAqv.ogg""><source src=""http://cf.c.ooyala.com/FuaWRnbjr_Q60MiytJOtuP8HhShOcMju/DOcJ-FxaFrRg4gtDEwOjN0OjA7p7BAqv.m4a"
58-image,"class=""track-title"">The Ties that Bind, Part 4 of 14</p><p ","<source src=""http://cf.c.ooyala.com/FuaWRnbjr_Q60MiytJOtuP8HhShOcMju/DOcJ-FxaFrRg4gtDEwOjN0OjA7p7BAqv.ogg""><source src=""http://cf.c.ooyala.com/FuaWRnbjr_Q60MiytJOtuP8HhShOcMju/DOcJ-FxaFrRg4gtDEwOjN0OjA7p7BAqv.m4a"
57-image,"class=""track-title"">The Ties that Bind, Part 4 of 14</p><p ","<source src=""http://cf.c.ooyala.com/FuaWRnbjr_Q60MiytJOtuP8HhShOcMju/DOcJ-FxaFrRg4gtDEwOjN0OjA7p7BAqv.ogg""><source src=""http://cf.c.ooyala.com/FuaWRnbjr_Q60MiytJOtuP8HhShOcMju/DOcJ-FxaFrRg4gtDEwOjN0OjA7p7BAqv.m4a"
57-image,"class=""track-title"">The Ties that Bind, Part 4 of 14</p><p ","<source src=""http://cf.c.ooyala.com/FuaWRnbjr_Q60MiytJOtuP8HhShOcMju/DOcJ-FxaFrRg4gtDEwOjN0OjA7p7BAqv.ogg""><source src=""http://cf.c.ooyala.com/FuaWRnbjr_Q60MiytJOtuP8HhShOcMju/DOcJ-FxaFrRg4gtDEwOjN0OjA7p7BAqv.m4a"
57-image,"class=""track-title"">The Ties that Bind, Part 4 of 14</p><p ","<source src=""http://cf.c.ooyala.com/FuaWRnbjr_Q60MiytJOtuP8HhShOcMju/DOcJ-FxaFrRg4gtDEwOjN0OjA7p7BAqv.ogg""><source src=""http://cf.c.ooyala.com/FuaWRnbjr_Q60MiytJOtuP8HhShOcMju/DOcJ-FxaFrRg4gtDEwOjN0OjA7p7BAqv.m4a"
57-image,"class=""track-title"">The Ties that Bind, Part 4 of 14</p><p ","<source src=""http://cf.c.ooyala.com/FuaWRnbjr_Q60MiytJOtuP8HhShOcMju/DOcJ-FxaFrRg4gtDEwOjN0OjA7p7BAqv.ogg""><source src=""http://cf.c.ooyala.com/FuaWRnbjr_Q60MiytJOtuP8HhShOcMju/DOcJ-FxaFrRg4gtDEwOjN0OjA7p7BAqv.m4a"
57-image,"class=""track-title"">The Ties that Bind, Part 4 of 14</p><p ","<source src=""http://cf.c.ooyala.com/FuaWRnbjr_Q60MiytJOtuP8HhShOcMju/DOcJ-FxaFrRg4gtDEwOjN0OjA7p7BAqv.ogg""><source src=""http://cf.c.ooyala.com/FuaWRnbjr_Q60MiytJOtuP8HhShOcMju/DOcJ-FxaFrRg4gtDEwOjN0OjA7p7BAqv.m4a"
57-image,"class=""track-title"">The Ties that Bind, Part 4 of 14</p><p ","<source src=""http://cf.c.ooyala.com/FuaWRnbjr_Q60MiytJOtuP8HhShOcMju/DOcJ-FxaFrRg4gtDEwOjN0OjA7p7BAqv.ogg""><source src=""http://cf.c.ooyala.com/FuaWRnbjr_Q60MiytJOtuP8HhShOcMju/DOcJ-FxaFrRg4gtDEwOjN0OjA7p7BAqv.m4a"
57-image,"class=""track-title"">The Ties that Bind, Part 4 of 14</p><p ","<source src=""http://cf.c.ooyala.com/FuaWRnbjr_Q60MiytJOtuP8HhShOcMju/DOcJ-FxaFrRg4gtDEwOjN0OjA7p7BAqv.ogg""><source src=""http://cf.c.ooyala.com/FuaWRnbjr_Q60MiytJOtuP8HhShOcMju/DOcJ-FxaFrRg4gtDEwOjN0OjA7p7BAqv.m4a"
57-image,"class=""track-title"">The Ties that Bind, Part 4 of 14</p><p ","<source src=""http://cf.c.ooyala.com/FuaWRnbjr_Q60MiytJOtuP8HhShOcMju/DOcJ-FxaFrRg4gtDEwOjN0OjA7p7BAqv.ogg""><source src=""http://cf.c.ooyala.com/FuaWRnbjr_Q60MiytJOtuP8HhShOcMju/DOcJ-FxaFrRg4gtDEwOjN0OjA7p7BAqv.m4a"
57-image,"class=""track-title"">The Ties that Bind, Part 4 of 14</p><p ","<source src=""http://cf.c.ooyala.com/FuaWRnbjr_Q60MiytJOtuP8HhShOcMju/DOcJ-FxaFrRg4gtDEwOjN0OjA7p7BAqv.ogg""><source src=""http://cf.c.ooyala.com/FuaWRnbjr_Q60MiytJOtuP8HhShOcMju/DOcJ-FxaFrRg4gtDEwOjN0OjA7p7BAqv.m4a"
57-image,"class=""track-title"">The Ties that Bind, Part 4 of 14</p><p ","<source src=""http://cf.c.ooyala.com/FuaWRnbjr_Q60MiytJOtuP8HhShOcMju/DOcJ-FxaFrRg4gtDEwOjN0OjA7p7BAqv.ogg""><source src=""http://cf.c.ooyala.com/FuaWRnbjr_Q60MiytJOtuP8HhShOcMju/DOcJ-FxaFrRg4gtDEwOjN0OjA7p7BAqv.m4a"
57-image,"class=""track-title"">The Ties that Bind, Part 4 of 14</p><p ","<source src=""http://cf.c.ooyala.com/FuaWRnbjr_Q60MiytJOtuP8HhShOcMju/DOcJ-FxaFrRg4gtDEwOjN0OjA7p7BAqv.ogg""><source src=""http://cf.c.ooyala.com/FuaWRnbjr_Q60MiytJOtuP8HhShOcMju/DOcJ-FxaFrRg4gtDEwOjN0OjA7p7BAqv.m4a"
57-image,"class=""track-title"">The Ties that Bind, Part 4 of 14</p><p ","<source src=""http://cf.c.ooyala.com/FuaWRnbjr_Q60MiytJOtuP8HhShOcMju/DOcJ-FxaFrRg4gtDEwOjN0OjA7p7BAqv.ogg""><source src=""http://cf.c.ooyala.com/FuaWRnbjr_Q60MiytJOtuP8HhShOcMju/DOcJ-FxaFrRg4gtDEwOjN0OjA7p7BAqv.m4a"
57-image,"class=""track-title"">The Ties that Bind, Part 4 of 14</p><p ","<source src=""http://cf.c.ooyala.com/FuaWRnbjr_Q60MiytJOtuP8HhShOcMju/DOcJ-FxaFrRg4gtDEwOjN0OjA7p7BAqv.ogg""><source src=""http://cf.c.ooyala.com/FuaWRnbjr_Q60MiytJOtuP8HhShOcMju/DOcJ-FxaFrRg4gtDEwOjN0OjA7p7BAqv.m4a"
57-image,"class=""track-title"">The Ties that Bind, Part 4 of 14</p><p ","<source src=""http://cf.c.ooyala.com/FuaWRnbjr_Q60MiytJOtuP8HhShOcMju/DOcJ-FxaFrRg4gtDEwOjN0OjA7p7BAqv.ogg""><source src=""http://cf.c.ooyala.com/FuaWRnbjr_Q60MiytJOtuP8HhShOcMju/DOcJ-FxaFrRg4gtDEwOjN0OjA7p7BAqv.m4a"
57-image,"class=""track-title"">The Ties that Bind, Part 4 of 14</p><p ","<source src=""http://cf.c.ooyala.com/FuaWRnbjr_Q60MiytJOtuP8HhShOcMju/DOcJ-FxaFrRg4gtDEwOjN0OjA7p7BAqv.ogg""><source src=""http://cf.c.ooyala.com/FuaWRnbjr_Q60MiytJOtuP8HhShOcMju/DOcJ-FxaFrRg4gtDEwOjN0OjA7p7BAqv.m4a"
55-image,"class=""track-title"">The Ties that Bind, Part 4 of 14</p><p ","<source src=""http://cf.c.ooyala.com/FuaWRnbjr_Q60MiytJOtuP8HhShOcMju/DOcJ-FxaFrRg4gtDEwOjN0OjA7p7BAqv.ogg""><source src=""http://cf.c.ooyala.com/FuaWRnbjr_Q60MiytJOtuP8HhShOcMju/DOcJ-FxaFrRg4gtDEwOjN0OjA7p7BAqv.m4a"
55-image,"class=""track-title"">The Ties that Bind, Part 4 of 14</p><p ","<source src=""http://cf.c.ooyala.com/FuaWRnbjr_Q60MiytJOtuP8HhShOcMju/DOcJ-FxaFrRg4gtDEwOjN0OjA7p7BAqv.ogg""><source src=""http://cf.c.ooyala.com/FuaWRnbjr_Q60MiytJOtuP8HhShOcMju/DOcJ-FxaFrRg4gtDEwOjN0OjA7p7BAqv.m4a"
55-image,"class=""track-title"">The Ties that Bind, Part 4 of 14</p><p ","<source src=""http://cf.c.ooyala.com/FuaWRnbjr_Q60MiytJOtuP8HhShOcMju/DOcJ-FxaFrRg4gtDEwOjN0OjA7p7BAqv.ogg""><source src=""http://cf.c.ooyala.com/FuaWRnbjr_Q60MiytJOtuP8HhShOcMju/DOcJ-FxaFrRg4gtDEwOjN0OjA7p7BAqv.m4a"
55-image,"class=""track-title"">The Ties that Bind, Part 4 of 14</p><p ","<source src=""http://cf.c.ooyala.com/FuaWRnbjr_Q60MiytJOtuP8HhShOcMju/DOcJ-FxaFrRg4gtDEwOjN0OjA7p7BAqv.ogg""><source src=""http://cf.c.ooyala.com/FuaWRnbjr_Q60MiytJOtuP8HhShOcMju/DOcJ-FxaFrRg4gtDEwOjN0OjA7p7BAqv.m4a"
55-image,"class=""track-title"">The Ties that Bind, Part 4 of 14</p><p ","<source src=""http://cf.c.ooyala.com/FuaWRnbjr_Q60MiytJOtuP8HhShOcMju/DOcJ-FxaFrRg4gtDEwOjN0OjA7p7BAqv.ogg""><source src=""http://cf.c.ooyala.com/FuaWRnbjr_Q60MiytJOtuP8HhShOcMju/DOcJ-FxaFrRg4gtDEwOjN0OjA7p7BAqv.m4a"
55-image,"class=""track-title"">The Ties that Bind, Part 4 of 14</p><p ","<source src=""http://cf.c.ooyala.com/FuaWRnbjr_Q60MiytJOtuP8HhShOcMju/DOcJ-FxaFrRg4gtDEwOjN0OjA7p7BAqv.ogg""><source src=""http://cf.c.ooyala.com/FuaWRnbjr_Q60MiytJOtuP8HhShOcMju/DOcJ-FxaFrRg4gtDEwOjN0OjA7p7BAqv.m4a"
55-image,"class=""track-title"">The Ties that Bind, Part 4 of 14</p><p ","<source src=""http://cf.c.ooyala.com/FuaWRnbjr_Q60MiytJOtuP8HhShOcMju/DOcJ-FxaFrRg4gtDEwOjN0OjA7p7BAqv.ogg""><source src=""http://cf.c.ooyala.com/FuaWRnbjr_Q60MiytJOtuP8HhShOcMju/DOcJ-FxaFrRg4gtDEwOjN0OjA7p7BAqv.m4a"
55-image,"class=""track-title"">The Ties that Bind, Part 4 of 14</p><p ","<source src=""http://cf.c.ooyala.com/FuaWRnbjr_Q60MiytJOtuP8HhShOcMju/DOcJ-FxaFrRg4gtDEwOjN0OjA7p7BAqv.ogg""><source src=""http://cf.c.ooyala.com/FuaWRnbjr_Q60MiytJOtuP8HhShOcMju/DOcJ-FxaFrRg4gtDEwOjN0OjA7p7BAqv.m4a"
55-image,"class=""track-title"">The Ties that Bind, Part 4 of 14</p><p ","<source src=""http://cf.c.ooyala.com/FuaWRnbjr_Q60MiytJOtuP8HhShOcMju/DOcJ-FxaFrRg4gtDEwOjN0OjA7p7BAqv.ogg""><source src=""http://cf.c.ooyala.com/FuaWRnbjr_Q60MiytJOtuP8HhShOcMju/DOcJ-FxaFrRg4gtDEwOjN0OjA7p7BAqv.m4a"
55-image,"class=""track-title"">The Ties that Bind, Part 4 of 14</p><p ","<source src=""http://cf.c.ooyala.com/FuaWRnbjr_Q60MiytJOtuP8HhShOcMju/DOcJ-FxaFrRg4gtDEwOjN0OjA7p7BAqv.ogg""><source src=""http://cf.c.ooyala.com/FuaWRnbjr_Q60MiytJOtuP8HhShOcMju/DOcJ-FxaFrRg4gtDEwOjN0OjA7p7BAqv.m4a"
55-image,"class=""track-title"">The Ties that Bind, Part 4 of 14</p><p ","<source src=""http://cf.c.ooyala.com/FuaWRnbjr_Q60MiytJOtuP8HhShOcMju/DOcJ-FxaFrRg4gtDEwOjN0OjA7p7BAqv.ogg""><source src=""http://cf.c.ooyala.com/FuaWRnbjr_Q60MiytJOtuP8HhShOcMju/DOcJ-FxaFrRg4gtDEwOjN0OjA7p7BAqv.m4a"
55-image,"class=""track-title"">The Ties that Bind, Part 4 of 14</p><p ","<source src=""http://cf.c.ooyala.com/FuaWRnbjr_Q60MiytJOtuP8HhShOcMju/DOcJ-FxaFrRg4gtDEwOjN0OjA7p7BAqv.ogg""><source src=""http://cf.c.ooyala.com/FuaWRnbjr_Q60MiytJOtuP8HhShOcMju/DOcJ-FxaFrRg4gtDEwOjN0OjA7p7BAqv.m4a"
55-image,"class=""track-title"">The Ties that Bind, Part 4 of 14</p><p ","<source src=""http://cf.c.ooyala.com/FuaWRnbjr_Q60MiytJOtuP8HhShOcMju/DOcJ-FxaFrRg4gtDEwOjN0OjA7p7BAqv.ogg""><source src=""http://cf.c.ooyala.com/FuaWRnbjr_Q60MiytJOtuP8HhShOcMju/DOcJ-FxaFrRg4gtDEwOjN0OjA7p7BAqv.m4a"
54-image,"class=""track-title"">The Ties that Bind, Part 4 of 14</p><p ","<source src=""http://cf.c.ooyala.com/FuaWRnbjr_Q60MiytJOtuP8HhShOcMju/DOcJ-FxaFrRg4gtDEwOjN0OjA7p7BAqv.ogg""><source src=""http://cf.c.ooyala.com/FuaWRnbjr_Q60MiytJOtuP8HhShOcMju/DOcJ-FxaFrRg4gtDEwOjN0OjA7p7BAqv.m4a"
54-image,"class=""track-title"">The Ties that Bind, Part 4 of 14</p><p ","<source src=""http://cf.c.ooyala.com/FuaWRnbjr_Q60MiytJOtuP8HhShOcMju/DOcJ-FxaFrRg4gtDEwOjN0OjA7p7BAqv.ogg""><source src=""http://cf.c.ooyala.com/FuaWRnbjr_Q60MiytJOtuP8HhShOcMju/DOcJ-FxaFrRg4gtDEwOjN0OjA7p7BAqv.m4a"
54-image,"class=""track-title"">The Ties that Bind, Part 4 of 14</p><p ","<source src=""http://cf.c.ooyala.com/FuaWRnbjr_Q60MiytJOtuP8HhShOcMju/DOcJ-FxaFrRg4gtDEwOjN0OjA7p7BAqv.ogg""><source src=""http://cf.c.ooyala.com/FuaWRnbjr_Q60MiytJOtuP8HhShOcMju/DOcJ-FxaFrRg4gtDEwOjN0OjA7p7BAqv.m4a"
54-image,"class=""track-title"">The Ties that Bind, Part 4 of 14</p><p ","<source src=""http://cf.c.ooyala.com/FuaWRnbjr_Q60MiytJOtuP8HhShOcMju/DOcJ-FxaFrRg4gtDEwOjN0OjA7p7BAqv.ogg""><source src=""http://cf.c.ooyala.com/FuaWRnbjr_Q60MiytJOtuP8HhShOcMju/DOcJ-FxaFrRg4gtDEwOjN0OjA7p7BAqv.m4a"
54-image,"class=""track-title"">The Ties that Bind, Part 4 of 14</p><p ","<source src=""http://cf.c.ooyala.com/FuaWRnbjr_Q60MiytJOtuP8HhShOcMju/DOcJ-FxaFrRg4gtDEwOjN0OjA7p7BAqv.ogg""><source src=""http://cf.c.ooyala.com/FuaWRnbjr_Q60MiytJOtuP8HhShOcMju/DOcJ-FxaFrRg4gtDEwOjN0OjA7p7BAqv.m4a"
54-image,"class=""track-title"">The Ties that Bind, Part 4 of 14</p><p ","<source src=""http://cf.c.ooyala.com/FuaWRnbjr_Q60MiytJOtuP8HhShOcMju/DOcJ-FxaFrRg4gtDEwOjN0OjA7p7BAqv.ogg""><source src=""http://cf.c.ooyala.com/FuaWRnbjr_Q60MiytJOtuP8HhShOcMju/DOcJ-FxaFrRg4gtDEwOjN0OjA7p7BAqv.m4a"
54-image,"class=""track-title"">The Ties that Bind, Part 4 of 14</p><p ","<source src=""http://cf.c.ooyala.com/FuaWRnbjr_Q60MiytJOtuP8HhShOcMju/DOcJ-FxaFrRg4gtDEwOjN0OjA7p7BAqv.ogg""><source src=""http://cf.c.ooyala.com/FuaWRnbjr_Q60MiytJOtuP8HhShOcMju/DOcJ-FxaFrRg4gtDEwOjN0OjA7p7BAqv.m4a"
54-image,"class=""track-title"">The Ties that Bind, Part 4 of 14</p><p ","<source src=""http://cf.c.ooyala.com/FuaWRnbjr_Q60MiytJOtuP8HhShOcMju/DOcJ-FxaFrRg4gtDEwOjN0OjA7p7BAqv.ogg""><source src=""http://cf.c.ooyala.com/FuaWRnbjr_Q60MiytJOtuP8HhShOcMju/DOcJ-FxaFrRg4gtDEwOjN0OjA7p7BAqv.m4a"
54-image,"class=""track-title"">The Ties that Bind, Part 4 of 14</p><p ","<source src=""http://cf.c.ooyala.com/FuaWRnbjr_Q60MiytJOtuP8HhShOcMju/DOcJ-FxaFrRg4gtDEwOjN0OjA7p7BAqv.ogg""><source src=""http://cf.c.ooyala.com/FuaWRnbjr_Q60MiytJOtuP8HhShOcMju/DOcJ-FxaFrRg4gtDEwOjN0OjA7p7BAqv.m4a"
54-image,"class=""track-title"">The Ties that Bind, Part 4 of 14</p><p ","<source src=""http://cf.c.ooyala.com/FuaWRnbjr_Q60MiytJOtuP8HhShOcMju/DOcJ-FxaFrRg4gtDEwOjN0OjA7p7BAqv.ogg""><source src=""http://cf.c.ooyala.com/FuaWRnbjr_Q60MiytJOtuP8HhShOcMju/DOcJ-FxaFrRg4gtDEwOjN0OjA7p7BAqv.m4a"
54-image,"class=""track-title"">The Ties that Bind, Part 4 of 14</p><p ","<source src=""http://cf.c.ooyala.com/FuaWRnbjr_Q60MiytJOtuP8HhShOcMju/DOcJ-FxaFrRg4gtDEwOjN0OjA7p7BAqv.ogg""><source src=""http://cf.c.ooyala.com/FuaWRnbjr_Q60MiytJOtuP8HhShOcMju/DOcJ-FxaFrRg4gtDEwOjN0OjA7p7BAqv.m4a"
54-image,"class=""track-title"">The Ties that Bind, Part 4 of 14</p><p ","<source src=""http://cf.c.ooyala.com/FuaWRnbjr_Q60MiytJOtuP8HhShOcMju/DOcJ-FxaFrRg4gtDEwOjN0OjA7p7BAqv.ogg""><source src=""http://cf.c.ooyala.com/FuaWRnbjr_Q60MiytJOtuP8HhShOcMju/DOcJ-FxaFrRg4gtDEwOjN0OjA7p7BAqv.m4a"
54-image,"class=""track-title"">The Ties that Bind, Part 4 of 14</p><p ","<source src=""http://cf.c.ooyala.com/FuaWRnbjr_Q60MiytJOtuP8HhShOcMju/DOcJ-FxaFrRg4gtDEwOjN0OjA7p7BAqv.ogg""><source src=""http://cf.c.ooyala.com/FuaWRnbjr_Q60MiytJOtuP8HhShOcMju/DOcJ-FxaFrRg4gtDEwOjN0OjA7p7BAqv.m4a"
52-image,"class=""track-title"">The Ties that Bind, Part 4 of 14</p><p ","<source src=""http://cf.c.ooyala.com/FuaWRnbjr_Q60MiytJOtuP8HhShOcMju/DOcJ-FxaFrRg4gtDEwOjN0OjA7p7BAqv.ogg""><source src=""http://cf.c.ooyala.com/FuaWRnbjr_Q60MiytJOtuP8HhShOcMju/DOcJ-FxaFrRg4gtDEwOjN0OjA7p7BAqv.m4a"
52-image,"class=""track-title"">The Ties that Bind, Part 4 of 14</p><p ","<source src=""http://cf.c.ooyala.com/FuaWRnbjr_Q60MiytJOtuP8HhShOcMju/DOcJ-FxaFrRg4gtDEwOjN0OjA7p7BAqv.ogg""><source src=""http://cf.c.ooyala.com/FuaWRnbjr_Q60MiytJOtuP8HhShOcMju/DOcJ-FxaFrRg4gtDEwOjN0OjA7p7BAqv.m4a"
52-image,"class=""track-title"">The Ties that Bind, Part 4 of 14</p><p ","<source src=""http://cf.c.ooyala.com/FuaWRnbjr_Q60MiytJOtuP8HhShOcMju/DOcJ-FxaFrRg4gtDEwOjN0OjA7p7BAqv.ogg""><source src=""http://cf.c.ooyala.com/FuaWRnbjr_Q60MiytJOtuP8HhShOcMju/DOcJ-FxaFrRg4gtDEwOjN0OjA7p7BAqv.m4a"
52-image,"class=""track-title"">The Ties that Bind, Part 4 of 14</p><p ","<source src=""http://cf.c.ooyala.com/FuaWRnbjr_Q60MiytJOtuP8HhShOcMju/DOcJ-FxaFrRg4gtDEwOjN0OjA7p7BAqv.ogg""><source src=""http://cf.c.ooyala.com/FuaWRnbjr_Q60MiytJOtuP8HhShOcMju/DOcJ-FxaFrRg4gtDEwOjN0OjA7p7BAqv.m4a"
52-image,"class=""track-title"">The Ties that Bind, Part 4 of 14</p><p ","<source src=""http://cf.c.ooyala.com/FuaWRnbjr_Q60MiytJOtuP8HhShOcMju/DOcJ-FxaFrRg4gtDEwOjN0OjA7p7BAqv.ogg""><source src=""http://cf.c.ooyala.com/FuaWRnbjr_Q60MiytJOtuP8HhShOcMju/DOcJ-FxaFrRg4gtDEwOjN0OjA7p7BAqv.m4a"
52-image,"class=""track-title"">The Ties that Bind, Part 4 of 14</p><p ","<source src=""http://cf.c.ooyala.com/FuaWRnbjr_Q60MiytJOtuP8HhShOcMju/DOcJ-FxaFrRg4gtDEwOjN0OjA7p7BAqv.ogg""><source src=""http://cf.c.ooyala.com/FuaWRnbjr_Q60MiytJOtuP8HhShOcMju/DOcJ-FxaFrRg4gtDEwOjN0OjA7p7BAqv.m4a"
52-image,"class=""track-title"">The Ties that Bind, Part 4 of 14</p><p ","<source src=""http://cf.c.ooyala.com/FuaWRnbjr_Q60MiytJOtuP8HhShOcMju/DOcJ-FxaFrRg4gtDEwOjN0OjA7p7BAqv.ogg""><source src=""http://cf.c.ooyala.com/FuaWRnbjr_Q60MiytJOtuP8HhShOcMju/DOcJ-FxaFrRg4gtDEwOjN0OjA7p7BAqv.m4a"
52-image,"class=""track-title"">The Ties that Bind, Part 4 of 14</p><p ","<source src=""http://cf.c.ooyala.com/FuaWRnbjr_Q60MiytJOtuP8HhShOcMju/DOcJ-FxaFrRg4gtDEwOjN0OjA7p7BAqv.ogg""><source src=""http://cf.c.ooyala.com/FuaWRnbjr_Q60MiytJOtuP8HhShOcMju/DOcJ-FxaFrRg4gtDEwOjN0OjA7p7BAqv.m4a"
52-image,"class=""track-title"">The Ties that Bind, Part 4 of 14</p><p ","<source src=""http://cf.c.ooyala.com/FuaWRnbjr_Q60MiytJOtuP8HhShOcMju/DOcJ-FxaFrRg4gtDEwOjN0OjA7p7BAqv.ogg""><source src=""http://cf.c.ooyala.com/FuaWRnbjr_Q60MiytJOtuP8HhShOcMju/DOcJ-FxaFrRg4gtDEwOjN0OjA7p7BAqv.m4a"
52-image,"class=""track-title"">The Ties that Bind, Part 4 of 14</p><p ","<source src=""http://cf.c.ooyala.com/FuaWRnbjr_Q60MiytJOtuP8HhShOcMju/DOcJ-FxaFrRg4gtDEwOjN0OjA7p7BAqv.ogg""><source src=""http://cf.c.ooyala.com/FuaWRnbjr_Q60MiytJOtuP8HhShOcMju/DOcJ-FxaFrRg4gtDEwOjN0OjA7p7BAqv.m4a"
52-image,"class=""track-title"">The Ties that Bind, Part 4 of 14</p><p ","<source src=""http://cf.c.ooyala.com/FuaWRnbjr_Q60MiytJOtuP8HhShOcMju/DOcJ-FxaFrRg4gtDEwOjN0OjA7p7BAqv.ogg""><source src=""http://cf.c.ooyala.com/FuaWRnbjr_Q60MiytJOtuP8HhShOcMju/DOcJ-FxaFrRg4gtDEwOjN0OjA7p7BAqv.m4a"
52-image,"class=""track-title"">The Ties that Bind, Part 4 of 14</p><p ","<source src=""http://cf.c.ooyala.com/FuaWRnbjr_Q60MiytJOtuP8HhShOcMju/DOcJ-FxaFrRg4gtDEwOjN0OjA7p7BAqv.ogg""><source src=""http://cf.c.ooyala.com/FuaWRnbjr_Q60MiytJOtuP8HhShOcMju/DOcJ-FxaFrRg4gtDEwOjN0OjA7p7BAqv.m4a"
52-image,"class=""track-title"">The Ties that Bind, Part 4 of 14</p><p ","<source src=""http://cf.c.ooyala.com/FuaWRnbjr_Q60MiytJOtuP8HhShOcMju/DOcJ-FxaFrRg4gtDEwOjN0OjA7p7BAqv.ogg""><source src=""http://cf.c.ooyala.com/FuaWRnbjr_Q60MiytJOtuP8HhShOcMju/DOcJ-FxaFrRg4gtDEwOjN0OjA7p7BAqv.m4a"
49-image,"class=""track-title"">The Ties that Bind, Part 4 of 14</p><p ","<source src=""http://cf.c.ooyala.com/FuaWRnbjr_Q60MiytJOtuP8HhShOcMju/DOcJ-FxaFrRg4gtDEwOjN0OjA7p7BAqv.ogg""><source src=""http://cf.c.ooyala.com/FuaWRnbjr_Q60MiytJOtuP8HhShOcMju/DOcJ-FxaFrRg4gtDEwOjN0OjA7p7BAqv.m4a"
49-image,"class=""track-title"">The Ties that Bind, Part 4 of 14</p><p ","<source src=""http://cf.c.ooyala.com/FuaWRnbjr_Q60MiytJOtuP8HhShOcMju/DOcJ-FxaFrRg4gtDEwOjN0OjA7p7BAqv.ogg""><source src=""http://cf.c.ooyala.com/FuaWRnbjr_Q60MiytJOtuP8HhShOcMju/DOcJ-FxaFrRg4gtDEwOjN0OjA7p7BAqv.m4a"
49-image,"class=""track-title"">The Ties that Bind, Part 4 of 14</p><p ","<source src=""http://cf.c.ooyala.com/FuaWRnbjr_Q60MiytJOtuP8HhShOcMju/DOcJ-FxaFrRg4gtDEwOjN0OjA7p7BAqv.ogg""><source src=""http://cf.c.ooyala.com/FuaWRnbjr_Q60MiytJOtuP8HhShOcMju/DOcJ-FxaFrRg4gtDEwOjN0OjA7p7BAqv.m4a"
49-image,"class=""track-title"">The Ties that Bind, Part 4 of 14</p><p ","<source src=""http://cf.c.ooyala.com/FuaWRnbjr_Q60MiytJOtuP8HhShOcMju/DOcJ-FxaFrRg4gtDEwOjN0OjA7p7BAqv.ogg""><source src=""http://cf.c.ooyala.com/FuaWRnbjr_Q60MiytJOtuP8HhShOcMju/DOcJ-FxaFrRg4gtDEwOjN0OjA7p7BAqv.m4a"
49-image,"class=""track-title"">The Ties that Bind, Part 4 of 14</p><p ","<source src=""http://cf.c.ooyala.com/FuaWRnbjr_Q60MiytJOtuP8HhShOcMju/DOcJ-FxaFrRg4gtDEwOjN0OjA7p7BAqv.ogg""><source src=""http://cf.c.ooyala.com/FuaWRnbjr_Q60MiytJOtuP8HhShOcMju/DOcJ-FxaFrRg4gtDEwOjN0OjA7p7BAqv.m4a"
49-image,"class=""track-title"">The Ties that Bind, Part 4 of 14</p><p ","<source src=""http://cf.c.ooyala.com/FuaWRnbjr_Q60MiytJOtuP8HhShOcMju/DOcJ-FxaFrRg4gtDEwOjN0OjA7p7BAqv.ogg""><source src=""http://cf.c.ooyala.com/FuaWRnbjr_Q60MiytJOtuP8HhShOcMju/DOcJ-FxaFrRg4gtDEwOjN0OjA7p7BAqv.m4a"
49-image,"class=""track-title"">The Ties that Bind, Part 4 of 14</p><p ","<source src=""http://cf.c.ooyala.com/FuaWRnbjr_Q60MiytJOtuP8HhShOcMju/DOcJ-FxaFrRg4gtDEwOjN0OjA7p7BAqv.ogg""><source src=""http://cf.c.ooyala.com/FuaWRnbjr_Q60MiytJOtuP8HhShOcMju/DOcJ-FxaFrRg4gtDEwOjN0OjA7p7BAqv.m4a"
49-image,"class=""track-title"">The Ties that Bind, Part 4 of 14</p><p ","<source src=""http://cf.c.ooyala.com/FuaWRnbjr_Q60MiytJOtuP8HhShOcMju/DOcJ-FxaFrRg4gtDEwOjN0OjA7p7BAqv.ogg""><source src=""http://cf.c.ooyala.com/FuaWRnbjr_Q60MiytJOtuP8HhShOcMju/DOcJ-FxaFrRg4gtDEwOjN0OjA7p7BAqv.m4a"
49-image,"class=""track-title"">The Ties that Bind, Part 4 of 14</p><p ","<source src=""http://cf.c.ooyala.com/FuaWRnbjr_Q60MiytJOtuP8HhShOcMju/DOcJ-FxaFrRg4gtDEwOjN0OjA7p7BAqv.ogg""><source src=""http://cf.c.ooyala.com/FuaWRnbjr_Q60MiytJOtuP8HhShOcMju/DOcJ-FxaFrRg4gtDEwOjN0OjA7p7BAqv.m4a"
49-image,"class=""track-title"">The Ties that Bind, Part 4 of 14</p><p ","<source src=""http://cf.c.ooyala.com/FuaWRnbjr_Q60MiytJOtuP8HhShOcMju/DOcJ-FxaFrRg4gtDEwOjN0OjA7p7BAqv.ogg""><source src=""http://cf.c.ooyala.com/FuaWRnbjr_Q60MiytJOtuP8HhShOcMju/DOcJ-FxaFrRg4gtDEwOjN0OjA7p7BAqv.m4a"
49-image,"class=""track-title"">The Ties that Bind, Part 4 of 14</p><p ","<source src=""http://cf.c.ooyala.com/FuaWRnbjr_Q60MiytJOtuP8HhShOcMju/DOcJ-FxaFrRg4gtDEwOjN0OjA7p7BAqv.ogg""><source src=""http://cf.c.ooyala.com/FuaWRnbjr_Q60MiytJOtuP8HhShOcMju/DOcJ-FxaFrRg4gtDEwOjN0OjA7p7BAqv.m4a"
49-image,"class=""track-title"">The Ties that Bind, Part 4 of 14</p><p ","<source src=""http://cf.c.ooyala.com/FuaWRnbjr_Q60MiytJOtuP8HhShOcMju/DOcJ-FxaFrRg4gtDEwOjN0OjA7p7BAqv.ogg""><source src=""http://cf.c.ooyala.com/FuaWRnbjr_Q60MiytJOtuP8HhShOcMju/DOcJ-FxaFrRg4gtDEwOjN0OjA7p7BAqv.m4a"
49-image,"class=""track-title"">The Ties that Bind, Part 4 of 14</p><p ","<source src=""http://cf.c.ooyala.com/FuaWRnbjr_Q60MiytJOtuP8HhShOcMju/DOcJ-FxaFrRg4gtDEwOjN0OjA7p7BAqv.ogg""><source src=""http://cf.c.ooyala.com/FuaWRnbjr_Q60MiytJOtuP8HhShOcMju/DOcJ-FxaFrRg4gtDEwOjN0OjA7p7BAqv.m4a"
49-image,"class=""track-title"">The Ties that Bind, Part 4 of 14</p><p ","<source src=""http://cf.c.ooyala.com/FuaWRnbjr_Q60MiytJOtuP8HhShOcMju/DOcJ-FxaFrRg4gtDEwOjN0OjA7p7BAqv.ogg""><source src=""http://cf.c.ooyala.com/FuaWRnbjr_Q60MiytJOtuP8HhShOcMju/DOcJ-FxaFrRg4gtDEwOjN0OjA7p7BAqv.m4a"
49-image,"class=""track-title"">The Ties that Bind, Part 4 of 14</p><p ","<source src=""http://cf.c.ooyala.com/FuaWRnbjr_Q60MiytJOtuP8HhShOcMju/DOcJ-FxaFrRg4gtDEwOjN0OjA7p7BAqv.ogg""><source src=""http://cf.c.ooyala.com/FuaWRnbjr_Q60MiytJOtuP8HhShOcMju/DOcJ-FxaFrRg4gtDEwOjN0OjA7p7BAqv.m4a"
48-image,"class=""track-title"">The Ties that Bind, Part 4 of 14</p><p ","<source src=""http://cf.c.ooyala.com/FuaWRnbjr_Q60MiytJOtuP8HhShOcMju/DOcJ-FxaFrRg4gtDEwOjN0OjA7p7BAqv.ogg""><source src=""http://cf.c.ooyala.com/FuaWRnbjr_Q60MiytJOtuP8HhShOcMju/DOcJ-FxaFrRg4gtDEwOjN0OjA7p7BAqv.m4a"
48-image,"class=""track-title"">The Ties that Bind, Part 4 of 14</p><p ","<source src=""http://cf.c.ooyala.com/FuaWRnbjr_Q60MiytJOtuP8HhShOcMju/DOcJ-FxaFrRg4gtDEwOjN0OjA7p7BAqv.ogg""><source src=""http://cf.c.ooyala.com/FuaWRnbjr_Q60MiytJOtuP8HhShOcMju/DOcJ-FxaFrRg4gtDEwOjN0OjA7p7BAqv.m4a"
48-image,"class=""track-title"">The Ties that Bind, Part 4 of 14</p><p ","<source src=""http://cf.c.ooyala.com/FuaWRnbjr_Q60MiytJOtuP8HhShOcMju/DOcJ-FxaFrRg4gtDEwOjN0OjA7p7BAqv.ogg""><source src=""http://cf.c.ooyala.com/FuaWRnbjr_Q60MiytJOtuP8HhShOcMju/DOcJ-FxaFrRg4gtDEwOjN0OjA7p7BAqv.m4a"
48-image,"class=""track-title"">The Ties that Bind, Part 4 of 14</p><p ","<source src=""http://cf.c.ooyala.com/FuaWRnbjr_Q60MiytJOtuP8HhShOcMju/DOcJ-FxaFrRg4gtDEwOjN0OjA7p7BAqv.ogg""><source src=""http://cf.c.ooyala.com/FuaWRnbjr_Q60MiytJOtuP8HhShOcMju/DOcJ-FxaFrRg4gtDEwOjN0OjA7p7BAqv.m4a"
48-image,"class=""track-title"">The Ties that Bind, Part 4 of 14</p><p ","<source src=""http://cf.c.ooyala.com/FuaWRnbjr_Q60MiytJOtuP8HhShOcMju/DOcJ-FxaFrRg4gtDEwOjN0OjA7p7BAqv.ogg""><source src=""http://cf.c.ooyala.com/FuaWRnbjr_Q60MiytJOtuP8HhShOcMju/DOcJ-FxaFrRg4gtDEwOjN0OjA7p7BAqv.m4a"
48-image,"class=""track-title"">The Ties that Bind, Part 4 of 14</p><p ","<source src=""http://cf.c.ooyala.com/FuaWRnbjr_Q60MiytJOtuP8HhShOcMju/DOcJ-FxaFrRg4gtDEwOjN0OjA7p7BAqv.ogg""><source src=""http://cf.c.ooyala.com/FuaWRnbjr_Q60MiytJOtuP8HhShOcMju/DOcJ-FxaFrRg4gtDEwOjN0OjA7p7BAqv.m4a"
48-image,"class=""track-title"">The Ties that Bind, Part 4 of 14</p><p ","<source src=""http://cf.c.ooyala.com/FuaWRnbjr_Q60MiytJOtuP8HhShOcMju/DOcJ-FxaFrRg4gtDEwOjN0OjA7p7BAqv.ogg""><source src=""http://cf.c.ooyala.com/FuaWRnbjr_Q60MiytJOtuP8HhShOcMju/DOcJ-FxaFrRg4gtDEwOjN0OjA7p7BAqv.m4a"
48-image,"class=""track-title"">The Ties that Bind, Part 4 of 14</p><p ","<source src=""http://cf.c.ooyala.com/FuaWRnbjr_Q60MiytJOtuP8HhShOcMju/DOcJ-FxaFrRg4gtDEwOjN0OjA7p7BAqv.ogg""><source src=""http://cf.c.ooyala.com/FuaWRnbjr_Q60MiytJOtuP8HhShOcMju/DOcJ-FxaFrRg4gtDEwOjN0OjA7p7BAqv.m4a"
48-image,"class=""track-title"">The Ties that Bind, Part 4 of 14</p><p ","<source src=""http://cf.c.ooyala.com/FuaWRnbjr_Q60MiytJOtuP8HhShOcMju/DOcJ-FxaFrRg4gtDEwOjN0OjA7p7BAqv.ogg""><source src=""http://cf.c.ooyala.com/FuaWRnbjr_Q60MiytJOtuP8HhShOcMju/DOcJ-FxaFrRg4gtDEwOjN0OjA7p7BAqv.m4a"
48-image,"class=""track-title"">The Ties that Bind, Part 4 of 14</p><p ","<source src=""http://cf.c.ooyala.com/FuaWRnbjr_Q60MiytJOtuP8HhShOcMju/DOcJ-FxaFrRg4gtDEwOjN0OjA7p7BAqv.ogg""><source src=""http://cf.c.ooyala.com/FuaWRnbjr_Q60MiytJOtuP8HhShOcMju/DOcJ-FxaFrRg4gtDEwOjN0OjA7p7BAqv.m4a"
48-image,"class=""track-title"">The Ties that Bind, Part 4 of 14</p><p ","<source src=""http://cf.c.ooyala.com/FuaWRnbjr_Q60MiytJOtuP8HhShOcMju/DOcJ-FxaFrRg4gtDEwOjN0OjA7p7BAqv.ogg""><source src=""http://cf.c.ooyala.com/FuaWRnbjr_Q60MiytJOtuP8HhShOcMju/DOcJ-FxaFrRg4gtDEwOjN0OjA7p7BAqv.m4a"
48-image,"class=""track-title"">The Ties that Bind, Part 4 of 14</p><p ","<source src=""http://cf.c.ooyala.com/FuaWRnbjr_Q60MiytJOtuP8HhShOcMju/DOcJ-FxaFrRg4gtDEwOjN0OjA7p7BAqv.ogg""><source src=""http://cf.c.ooyala.com/FuaWRnbjr_Q60MiytJOtuP8HhShOcMju/DOcJ-FxaFrRg4gtDEwOjN0OjA7p7BAqv.m4a"
48-image,"class=""track-title"">The Ties that Bind, Part 4 of 14</p><p ","<source src=""http://cf.c.ooyala.com/FuaWRnbjr_Q60MiytJOtuP8HhShOcMju/DOcJ-FxaFrRg4gtDEwOjN0OjA7p7BAqv.ogg""><source src=""http://cf.c.ooyala.com/FuaWRnbjr_Q60MiytJOtuP8HhShOcMju/DOcJ-FxaFrRg4gtDEwOjN0OjA7p7BAqv.m4a"
48-image,"class=""track-title"">The Ties that Bind, Part 4 of 14</p><p ","<source src=""http://cf.c.ooyala.com/FuaWRnbjr_Q60MiytJOtuP8HhShOcMju/DOcJ-FxaFrRg4gtDEwOjN0OjA7p7BAqv.ogg""><source src=""http://cf.c.ooyala.com/FuaWRnbjr_Q60MiytJOtuP8HhShOcMju/DOcJ-FxaFrRg4gtDEwOjN0OjA7p7BAqv.m4a"
48-image,"class=""track-title"">The Ties that Bind, Part 4 of 14</p><p ","<source src=""http://cf.c.ooyala.com/FuaWRnbjr_Q60MiytJOtuP8HhShOcMju/DOcJ-FxaFrRg4gtDEwOjN0OjA7p7BAqv.ogg""><source src=""http://cf.c.ooyala.com/FuaWRnbjr_Q60MiytJOtuP8HhShOcMju/DOcJ-FxaFrRg4gtDEwOjN0OjA7p7BAqv.m4a"
48-image,"class=""track-title"">The Ties that Bind, Part 4 of 14</p><p ","<source src=""http://cf.c.ooyala.com/FuaWRnbjr_Q60MiytJOtuP8HhShOcMju/DOcJ-FxaFrRg4gtDEwOjN0OjA7p7BAqv.ogg""><source src=""http://cf.c.ooyala.com/FuaWRnbjr_Q60MiytJOtuP8HhShOcMju/DOcJ-FxaFrRg4gtDEwOjN0OjA7p7BAqv.m4a"
48-image,"class=""track-title"">The Ties that Bind, Part 4 of 14</p><p ","<source src=""http://cf.c.ooyala.com/FuaWRnbjr_Q60MiytJOtuP8HhShOcMju/DOcJ-FxaFrRg4gtDEwOjN0OjA7p7BAqv.ogg""><source src=""http://cf.c.ooyala.com/FuaWRnbjr_Q60MiytJOtuP8HhShOcMju/DOcJ-FxaFrRg4gtDEwOjN0OjA7p7BAqv.m4a"
46-image,"class=""track-title"">The Ties that Bind, Part 4 of 14</p><p ","<source src=""http://cf.c.ooyala.com/FuaWRnbjr_Q60MiytJOtuP8HhShOcMju/DOcJ-FxaFrRg4gtDEwOjN0OjA7p7BAqv.ogg""><source src=""http://cf.c.ooyala.com/FuaWRnbjr_Q60MiytJOtuP8HhShOcMju/DOcJ-FxaFrRg4gtDEwOjN0OjA7p7BAqv.m4a"
46-image,"class=""track-title"">The Ties that Bind, Part 4 of 14</p><p ","<source src=""http://cf.c.ooyala.com/FuaWRnbjr_Q60MiytJOtuP8HhShOcMju/DOcJ-FxaFrRg4gtDEwOjN0OjA7p7BAqv.ogg""><source src=""http://cf.c.ooyala.com/FuaWRnbjr_Q60MiytJOtuP8HhShOcMju/DOcJ-FxaFrRg4gtDEwOjN0OjA7p7BAqv.m4a"
46-image,"class=""track-title"">The Ties that Bind, Part 4 of 14</p><p ","<source src=""http://cf.c.ooyala.com/FuaWRnbjr_Q60MiytJOtuP8HhShOcMju/DOcJ-FxaFrRg4gtDEwOjN0OjA7p7BAqv.ogg""><source src=""http://cf.c.ooyala.com/FuaWRnbjr_Q60MiytJOtuP8HhShOcMju/DOcJ-FxaFrRg4gtDEwOjN0OjA7p7BAqv.m4a"
46-image,"class=""track-title"">The Ties that Bind, Part 4 of 14</p><p ","<source src=""http://cf.c.ooyala.com/FuaWRnbjr_Q60MiytJOtuP8HhShOcMju/DOcJ-FxaFrRg4gtDEwOjN0OjA7p7BAqv.ogg""><source src=""http://cf.c.ooyala.com/FuaWRnbjr_Q60MiytJOtuP8HhShOcMju/DOcJ-FxaFrRg4gtDEwOjN0OjA7p7BAqv.m4a"
46-image,"class=""track-title"">The Ties that Bind, Part 4 of 14</p><p ","<source src=""http://cf.c.ooyala.com/FuaWRnbjr_Q60MiytJOtuP8HhShOcMju/DOcJ-FxaFrRg4gtDEwOjN0OjA7p7BAqv.ogg""><source src=""http://cf.c.ooyala.com/FuaWRnbjr_Q60MiytJOtuP8HhShOcMju/DOcJ-FxaFrRg4gtDEwOjN0OjA7p7BAqv.m4a"
46-image,"class=""track-title"">The Ties that Bind, Part 4 of 14</p><p ","<source src=""http://cf.c.ooyala.com/FuaWRnbjr_Q60MiytJOtuP8HhShOcMju/DOcJ-FxaFrRg4gtDEwOjN0OjA7p7BAqv.ogg""><source src=""http://cf.c.ooyala.com/FuaWRnbjr_Q60MiytJOtuP8HhShOcMju/DOcJ-FxaFrRg4gtDEwOjN0OjA7p7BAqv.m4a"
46-image,"class=""track-title"">The Ties that Bind, Part 4 of 14</p><p ","<source src=""http://cf.c.ooyala.com/FuaWRnbjr_Q60MiytJOtuP8HhShOcMju/DOcJ-FxaFrRg4gtDEwOjN0OjA7p7BAqv.ogg""><source src=""http://cf.c.ooyala.com/FuaWRnbjr_Q60MiytJOtuP8HhShOcMju/DOcJ-FxaFrRg4gtDEwOjN0OjA7p7BAqv.m4a"
46-image,"class=""track-title"">The Ties that Bind, Part 4 of 14</p><p ","<source src=""http://cf.c.ooyala.com/FuaWRnbjr_Q60MiytJOtuP8HhShOcMju/DOcJ-FxaFrRg4gtDEwOjN0OjA7p7BAqv.ogg""><source src=""http://cf.c.ooyala.com/FuaWRnbjr_Q60MiytJOtuP8HhShOcMju/DOcJ-FxaFrRg4gtDEwOjN0OjA7p7BAqv.m4a"
46-image,"class=""track-title"">The Ties that Bind, Part 4 of 14</p><p ","<source src=""http://cf.c.ooyala.com/FuaWRnbjr_Q60MiytJOtuP8HhShOcMju/DOcJ-FxaFrRg4gtDEwOjN0OjA7p7BAqv.ogg""><source src=""http://cf.c.ooyala.com/FuaWRnbjr_Q60MiytJOtuP8HhShOcMju/DOcJ-FxaFrRg4gtDEwOjN0OjA7p7BAqv.m4a"
46-image,"class=""track-title"">The Ties that Bind, Part 4 of 14</p><p ","<source src=""http://cf.c.ooyala.com/FuaWRnbjr_Q60MiytJOtuP8HhShOcMju/DOcJ-FxaFrRg4gtDEwOjN0OjA7p7BAqv.ogg""><source src=""http://cf.c.ooyala.com/FuaWRnbjr_Q60MiytJOtuP8HhShOcMju/DOcJ-FxaFrRg4gtDEwOjN0OjA7p7BAqv.m4a"
46-image,"class=""track-title"">The Ties that Bind, Part 4 of 14</p><p ","<source src=""http://cf.c.ooyala.com/FuaWRnbjr_Q60MiytJOtuP8HhShOcMju/DOcJ-FxaFrRg4gtDEwOjN0OjA7p7BAqv.ogg""><source src=""http://cf.c.ooyala.com/FuaWRnbjr_Q60MiytJOtuP8HhShOcMju/DOcJ-FxaFrRg4gtDEwOjN0OjA7p7BAqv.m4a"
46-image,"class=""track-title"">The Ties that Bind, Part 4 of 14</p><p ","<source src=""http://cf.c.ooyala.com/FuaWRnbjr_Q60MiytJOtuP8HhShOcMju/DOcJ-FxaFrRg4gtDEwOjN0OjA7p7BAqv.ogg""><source src=""http://cf.c.ooyala.com/FuaWRnbjr_Q60MiytJOtuP8HhShOcMju/DOcJ-FxaFrRg4gtDEwOjN0OjA7p7BAqv.m4a"
46-image,"class=""track-title"">The Ties that Bind, Part 4 of 14</p><p ","<source src=""http://cf.c.ooyala.com/FuaWRnbjr_Q60MiytJOtuP8HhShOcMju/DOcJ-FxaFrRg4gtDEwOjN0OjA7p7BAqv.ogg""><source src=""http://cf.c.ooyala.com/FuaWRnbjr_Q60MiytJOtuP8HhShOcMju/DOcJ-FxaFrRg4gtDEwOjN0OjA7p7BAqv.m4a"
46-image,"class=""track-title"">The Ties that Bind, Part 4 of 14</p><p ","<source src=""http://cf.c.ooyala.com/FuaWRnbjr_Q60MiytJOtuP8HhShOcMju/DOcJ-FxaFrRg4gtDEwOjN0OjA7p7BAqv.ogg""><source src=""http://cf.c.ooyala.com/FuaWRnbjr_Q60MiytJOtuP8HhShOcMju/DOcJ-FxaFrRg4gtDEwOjN0OjA7p7BAqv.m4a"
43-image,"class=""track-title"">The Ties that Bind, Part 4 of 14</p><p ","<source src=""http://cf.c.ooyala.com/FuaWRnbjr_Q60MiytJOtuP8HhShOcMju/DOcJ-FxaFrRg4gtDEwOjN0OjA7p7BAqv.ogg""><source src=""http://cf.c.ooyala.com/FuaWRnbjr_Q60MiytJOtuP8HhShOcMju/DOcJ-FxaFrRg4gtDEwOjN0OjA7p7BAqv.m4a"
43-image,"class=""track-title"">The Ties that Bind, Part 4 of 14</p><p ","<source src=""http://cf.c.ooyala.com/FuaWRnbjr_Q60MiytJOtuP8HhShOcMju/DOcJ-FxaFrRg4gtDEwOjN0OjA7p7BAqv.ogg""><source src=""http://cf.c.ooyala.com/FuaWRnbjr_Q60MiytJOtuP8HhShOcMju/DOcJ-FxaFrRg4gtDEwOjN0OjA7p7BAqv.m4a"
43-image,"class=""track-title"">The Ties that Bind, Part 4 of 14</p><p ","<source src=""http://cf.c.ooyala.com/FuaWRnbjr_Q60MiytJOtuP8HhShOcMju/DOcJ-FxaFrRg4gtDEwOjN0OjA7p7BAqv.ogg""><source src=""http://cf.c.ooyala.com/FuaWRnbjr_Q60MiytJOtuP8HhShOcMju/DOcJ-FxaFrRg4gtDEwOjN0OjA7p7BAqv.m4a"
43-image,"class=""track-title"">The Ties that Bind, Part 4 of 14</p><p ","<source src=""http://cf.c.ooyala.com/FuaWRnbjr_Q60MiytJOtuP8HhShOcMju/DOcJ-FxaFrRg4gtDEwOjN0OjA7p7BAqv.ogg""><source src=""http://cf.c.ooyala.com/FuaWRnbjr_Q60MiytJOtuP8HhShOcMju/DOcJ-FxaFrRg4gtDEwOjN0OjA7p7BAqv.m4a"
43-image,"class=""track-title"">The Ties that Bind, Part 4 of 14</p><p ","<source src=""http://cf.c.ooyala.com/FuaWRnbjr_Q60MiytJOtuP8HhShOcMju/DOcJ-FxaFrRg4gtDEwOjN0OjA7p7BAqv.ogg""><source src=""http://cf.c.ooyala.com/FuaWRnbjr_Q60MiytJOtuP8HhShOcMju/DOcJ-FxaFrRg4gtDEwOjN0OjA7p7BAqv.m4a"
43-image,"class=""track-title"">The Ties that Bind, Part 4 of 14</p><p ","<source src=""http://cf.c.ooyala.com/FuaWRnbjr_Q60MiytJOtuP8HhShOcMju/DOcJ-FxaFrRg4gtDEwOjN0OjA7p7BAqv.ogg""><source src=""http://cf.c.ooyala.com/FuaWRnbjr_Q60MiytJOtuP8HhShOcMju/DOcJ-FxaFrRg4gtDEwOjN0OjA7p7BAqv.m4a"
43-image,"class=""track-title"">The Ties that Bind, Part 4 of 14</p><p ","<source src=""http://cf.c.ooyala.com/FuaWRnbjr_Q60MiytJOtuP8HhShOcMju/DOcJ-FxaFrRg4gtDEwOjN0OjA7p7BAqv.ogg""><source src=""http://cf.c.ooyala.com/FuaWRnbjr_Q60MiytJOtuP8HhShOcMju/DOcJ-FxaFrRg4gtDEwOjN0OjA7p7BAqv.m4a"
43-image,"class=""track-title"">The Ties that Bind, Part 4 of 14</p><p ","<source src=""http://cf.c.ooyala.com/FuaWRnbjr_Q60MiytJOtuP8HhShOcMju/DOcJ-FxaFrRg4gtDEwOjN0OjA7p7BAqv.ogg""><source src=""http://cf.c.ooyala.com/FuaWRnbjr_Q60MiytJOtuP8HhShOcMju/DOcJ-FxaFrRg4gtDEwOjN0OjA7p7BAqv.m4a"
43-image,"class=""track-title"">The Ties that Bind, Part 4 of 14</p><p ","<source src=""http://cf.c.ooyala.com/FuaWRnbjr_Q60MiytJOtuP8HhShOcMju/DOcJ-FxaFrRg4gtDEwOjN0OjA7p7BAqv.ogg""><source src=""http://cf.c.ooyala.com/FuaWRnbjr_Q60MiytJOtuP8HhShOcMju/DOcJ-FxaFrRg4gtDEwOjN0OjA7p7BAqv.m4a"
43-image,"class=""track-title"">The Ties that Bind, Part 4 of 14</p><p ","<source src=""http://cf.c.ooyala.com/FuaWRnbjr_Q60MiytJOtuP8HhShOcMju/DOcJ-FxaFrRg4gtDEwOjN0OjA7p7BAqv.ogg""><source src=""http://cf.c.ooyala.com/FuaWRnbjr_Q60MiytJOtuP8HhShOcMju/DOcJ-FxaFrRg4gtDEwOjN0OjA7p7BAqv.m4a"
43-image,"class=""track-title"">The Ties that Bind, Part 4 of 14</p><p ","<source src=""http://cf.c.ooyala.com/FuaWRnbjr_Q60MiytJOtuP8HhShOcMju/DOcJ-FxaFrRg4gtDEwOjN0OjA7p7BAqv.ogg""><source src=""http://cf.c.ooyala.com/FuaWRnbjr_Q60MiytJOtuP8HhShOcMju/DOcJ-FxaFrRg4gtDEwOjN0OjA7p7BAqv.m4a"
43-image,"class=""track-title"">The Ties that Bind, Part 4 of 14</p><p ","<source src=""http://cf.c.ooyala.com/FuaWRnbjr_Q60MiytJOtuP8HhShOcMju/DOcJ-FxaFrRg4gtDEwOjN0OjA7p7BAqv.ogg""><source src=""http://cf.c.ooyala.com/FuaWRnbjr_Q60MiytJOtuP8HhShOcMju/DOcJ-FxaFrRg4gtDEwOjN0OjA7p7BAqv.m4a"
40-image,"class=""track-title"">The Ties that Bind, Part 4 of 14</p><p ","<source src=""http://cf.c.ooyala.com/FuaWRnbjr_Q60MiytJOtuP8HhShOcMju/DOcJ-FxaFrRg4gtDEwOjN0OjA7p7BAqv.ogg""><source src=""http://cf.c.ooyala.com/FuaWRnbjr_Q60MiytJOtuP8HhShOcMju/DOcJ-FxaFrRg4gtDEwOjN0OjA7p7BAqv.m4a"
40-image,"class=""track-title"">The Ties that Bind, Part 4 of 14</p><p ","<source src=""http://cf.c.ooyala.com/FuaWRnbjr_Q60MiytJOtuP8HhShOcMju/DOcJ-FxaFrRg4gtDEwOjN0OjA7p7BAqv.ogg""><source src=""http://cf.c.ooyala.com/FuaWRnbjr_Q60MiytJOtuP8HhShOcMju/DOcJ-FxaFrRg4gtDEwOjN0OjA7p7BAqv.m4a"
40-image,"class=""track-title"">The Ties that Bind, Part 4 of 14</p><p ","<source src=""http://cf.c.ooyala.com/FuaWRnbjr_Q60MiytJOtuP8HhShOcMju/DOcJ-FxaFrRg4gtDEwOjN0OjA7p7BAqv.ogg""><source src=""http://cf.c.ooyala.com/FuaWRnbjr_Q60MiytJOtuP8HhShOcMju/DOcJ-FxaFrRg4gtDEwOjN0OjA7p7BAqv.m4a"
40-image,"class=""track-title"">The Ties that Bind, Part 4 of 14</p><p ","<source src=""http://cf.c.ooyala.com/FuaWRnbjr_Q60MiytJOtuP8HhShOcMju/DOcJ-FxaFrRg4gtDEwOjN0OjA7p7BAqv.ogg""><source src=""http://cf.c.ooyala.com/FuaWRnbjr_Q60MiytJOtuP8HhShOcMju/DOcJ-FxaFrRg4gtDEwOjN0OjA7p7BAqv.m4a"
40-image,"class=""track-title"">The Ties that Bind, Part 4 of 14</p><p ","<source src=""http://cf.c.ooyala.com/FuaWRnbjr_Q60MiytJOtuP8HhShOcMju/DOcJ-FxaFrRg4gtDEwOjN0OjA7p7BAqv.ogg""><source src=""http://cf.c.ooyala.com/FuaWRnbjr_Q60MiytJOtuP8HhShOcMju/DOcJ-FxaFrRg4gtDEwOjN0OjA7p7BAqv.m4a"
40-image,"class=""track-title"">The Ties that Bind, Part 4 of 14</p><p ","<source src=""http://cf.c.ooyala.com/FuaWRnbjr_Q60MiytJOtuP8HhShOcMju/DOcJ-FxaFrRg4gtDEwOjN0OjA7p7BAqv.ogg""><source src=""http://cf.c.ooyala.com/FuaWRnbjr_Q60MiytJOtuP8HhShOcMju/DOcJ-FxaFrRg4gtDEwOjN0OjA7p7BAqv.m4a"
40-image,"class=""track-title"">The Ties that Bind, Part 4 of 14</p><p ","<source src=""http://cf.c.ooyala.com/FuaWRnbjr_Q60MiytJOtuP8HhShOcMju/DOcJ-FxaFrRg4gtDEwOjN0OjA7p7BAqv.ogg""><source src=""http://cf.c.ooyala.com/FuaWRnbjr_Q60MiytJOtuP8HhShOcMju/DOcJ-FxaFrRg4gtDEwOjN0OjA7p7BAqv.m4a"
40-image,"class=""track-title"">The Ties that Bind, Part 4 of 14</p><p ","<source src=""http://cf.c.ooyala.com/FuaWRnbjr_Q60MiytJOtuP8HhShOcMju/DOcJ-FxaFrRg4gtDEwOjN0OjA7p7BAqv.ogg""><source src=""http://cf.c.ooyala.com/FuaWRnbjr_Q60MiytJOtuP8HhShOcMju/DOcJ-FxaFrRg4gtDEwOjN0OjA7p7BAqv.m4a"
40-image,"class=""track-title"">The Ties that Bind, Part 4 of 14</p><p ","<source src=""http://cf.c.ooyala.com/FuaWRnbjr_Q60MiytJOtuP8HhShOcMju/DOcJ-FxaFrRg4gtDEwOjN0OjA7p7BAqv.ogg""><source src=""http://cf.c.ooyala.com/FuaWRnbjr_Q60MiytJOtuP8HhShOcMju/DOcJ-FxaFrRg4gtDEwOjN0OjA7p7BAqv.m4a"
40-image,"class=""track-title"">The Ties that Bind, Part 4 of 14</p><p ","<source src=""http://cf.c.ooyala.com/FuaWRnbjr_Q60MiytJOtuP8HhShOcMju/DOcJ-FxaFrRg4gtDEwOjN0OjA7p7BAqv.ogg""><source src=""http://cf.c.ooyala.com/FuaWRnbjr_Q60MiytJOtuP8HhShOcMju/DOcJ-FxaFrRg4gtDEwOjN0OjA7p7BAqv.m4a"
40-image,"class=""track-title"">The Ties that Bind, Part 4 of 14</p><p ","<source src=""http://cf.c.ooyala.com/FuaWRnbjr_Q60MiytJOtuP8HhShOcMju/DOcJ-FxaFrRg4gtDEwOjN0OjA7p7BAqv.ogg""><source src=""http://cf.c.ooyala.com/FuaWRnbjr_Q60MiytJOtuP8HhShOcMju/DOcJ-FxaFrRg4gtDEwOjN0OjA7p7BAqv.m4a"
40-image,"class=""track-title"">The Ties that Bind, Part 4 of 14</p><p ","<source src=""http://cf.c.ooyala.com/FuaWRnbjr_Q60MiytJOtuP8HhShOcMju/DOcJ-FxaFrRg4gtDEwOjN0OjA7p7BAqv.ogg""><source src=""http://cf.c.ooyala.com/FuaWRnbjr_Q60MiytJOtuP8HhShOcMju/DOcJ-FxaFrRg4gtDEwOjN0OjA7p7BAqv.m4a"
